Model,Horizon,RMSE,MAE,R2,DA,Naive_DA,Train_RMSE,Train_MAE,Train_R2,Train_DA
OLS,1d,0.01644106718722957,0.010414066227535301,-0.01743566710264033,0.3219047619047619,0.2761904761904762,0.01607490621253872,0.010043433132938229,0.030884246804966042,0.35271687321258344
OLS,3d,0.02651442093745646,0.019594200310072377,-0.014168865371933848,0.47619047619047616,0.32,0.025431147728906877,0.018121351801743832,0.051841698212104714,0.5319351763584366
OLS,5d,0.03321739744316875,0.02542351753324583,-0.05500869587837909,0.4990476190476191,0.3028571428571429,0.03164164392825943,0.023064883004938485,0.0800676963130007,0.5586272640610105
Naive,1d,0.022364479772836784,0.0159463038031765,-0.8826281606727846,0.2761904761904762,0.2761904761904762,0.02383552966698641,0.016479305097472866,-1.1307297611860236,0.23164918970448045
Naive,3d,0.03120639467726078,0.022729627382012774,-0.4048604098751871,0.32,0.32,0.031204344155205826,0.0226858835826761,-0.4275096370185645,0.2974261201143947
Naive,5d,0.03701769006441443,0.027701802264061996,-0.3102177041943892,0.3028571428571429,0.3028571428571429,0.03777737773435394,0.02745740188090605,-0.31129803024710645,0.31124880838894187
