Model,Horizon,RMSE,MAE,R2,DA,Naive_DA,Train_RMSE,Train_MAE,Train_R2,Train_DA
OLS,1d,0.016545773422220775,0.010520136651753142,-0.012720790611087995,0.3314176245210728,0.2662835249042146,0.016064996522655774,0.01002731739207557,0.03008068054561397,0.35218016291327264
OLS,3d,0.026598434099146993,0.0197912920110159,-0.012158589069311887,0.4904214559386973,0.3160919540229885,0.025454104216878017,0.018126007210986988,0.05167103263430184,0.5309056061332056
OLS,5d,0.033328270360034655,0.025619243395880224,-0.052113551002126224,0.5114942528735632,0.29693486590038315,0.031678463990552914,0.02308523783137796,0.07975642266819605,0.5591758505031145
Naive,1d,0.022538809973664795,0.01620284231613526,-0.8792196470873368,0.2662835249042146,0.2662835249042146,0.023816884027384803,0.01644730558504797,-1.1317890252944434,0.2319118351701006
Naive,3d,0.03134784755121761,0.02300452627086016,-0.4058917347157929,0.3160919540229885,0.3160919540229885,0.03121882122951068,0.022678159181520698,-0.426515130356405,0.29659798754192623
Naive,5d,0.037262794486850416,0.028125284436211158,-0.315188205645452,0.29693486590038315,0.29693486590038315,0.03779332506985104,0.0274386155156128,-0.3097993478451495,0.3109726880689986
