Model,Horizon,RMSE,MAE,R2,DA,Naive_DA,Train_RMSE,Train_MAE,Train_R2,Train_DA
Random Forest,1d,0.01962,0.01444,-0.01379,0.43666,0.42857,0.01032,0.00709,0.7153,0.83198
Random Forest,3d,0.03007,0.02362,-0.0625,0.47439,0.41509,0.01881,0.01374,0.61659,0.86437
Random Forest,5d,0.03791,0.02959,-0.13427,0.4717,0.42857,0.01741,0.01265,0.78354,0.91296
XGBoost,1d,0.01942,0.01379,0.00759,0.40431,0.42857,0.01875,0.01302,0.05931,0.51754
XGBoost,3d,0.02924,0.02255,-0.00499,0.45822,0.41509,0.02902,0.02098,0.08794,0.52429
XGBoost,5d,0.03618,0.02818,-0.03306,0.46361,0.42857,0.03253,0.0239,0.24441,0.69096
