Model,Horizon,RMSE,MAE,R2,DA,Naive_DA,Train_RMSE,Train_MAE,Train_R2,Train_DA
Random Forest,1d,0.01678,0.0112,-0.06034,0.28952,0.27619,0.01454,0.00959,0.20721,0.43899
Random Forest,3d,0.02716,0.02037,-0.06425,0.46667,0.32,0.02298,0.01694,0.2261,0.61392
Random Forest,5d,0.0336,0.02613,-0.07917,0.48381,0.30286,0.02757,0.0207,0.30144,0.653
XGBoost,1d,0.01631,0.00998,-9.9e-4,0.2781,0.27619,0.0161,0.00964,0.02776,0.3408
XGBoost,3d,0.02649,0.01923,-0.01265,0.45333,0.32,0.02533,0.01811,0.05925,0.48141
XGBoost,5d,0.03262,0.0247,-0.01734,0.4819,0.30286,0.03049,0.02218,0.14607,0.57436
