Model,Horizon,RMSE,MAE,R2,DA,Naive_DA,Train_RMSE,Train_MAE,Train_R2,Train_DA
SVM,1d,0.01647,0.01011,-0.0033,0.32759,0.26628,0.01612,0.00957,0.02389,0.37183
SVM,3d,0.02634,0.01931,0.00733,0.48851,0.31609,0.02585,0.01805,0.02173,0.54432
SVM,5d,0.03271,0.02507,-0.01367,0.49042,0.29693,0.03249,0.02292,0.0322,0.55199
ANN,1d,0.01641,0.01004,0.00342,0.35824,0.26628,0.01618,0.00968,0.01591,0.35266
ANN,3d,0.02647,0.01959,-0.00211,0.4751,0.31609,0.02564,0.01808,0.03802,0.53713
ANN,5d,0.03291,0.02522,-0.02584,0.49234,0.29693,0.03206,0.02309,0.05742,0.56109
