Model,Horizon,RMSE,MAE,R2,DA,Naive_DA,Train_RMSE,Train_MAE,Train_R2,Train_DA
SVM,1d,0.01634,0.00998,-0.00505,0.32,0.27619,0.01613,0.00958,0.02435,0.37417
SVM,3d,0.0262,0.01903,0.00953,0.49143,0.32,0.02583,0.01804,0.02167,0.54385
SVM,5d,0.03256,0.02473,-0.0135,0.47619,0.30286,0.03245,0.02291,0.03245,0.55338
ANN,1d,0.01629,0.00993,0.0013,0.34286,0.27619,0.01619,0.00971,0.01722,0.35462
ANN,3d,0.02636,0.01936,-0.00242,0.46476,0.32,0.02561,0.01808,0.0384,0.53527
ANN,5d,0.03278,0.02494,-0.02718,0.47619,0.30286,0.03202,0.02308,0.05783,0.56196
