Model,Horizon,RMSE,MAE,R2,DA,Naive_DA,Train_RMSE,Train_MAE,Train_R2,Train_DA
SVM,1d,0.01634,0.00997,-0.00438,0.32,0.27619,0.01613,0.00958,0.02415,0.37226
SVM,3d,0.02621,0.01903,0.00924,0.48,0.32,0.02583,0.01804,0.02169,0.54433
SVM,5d,0.03253,0.02472,-0.01163,0.4819,0.30286,0.03245,0.02291,0.03246,0.55195
ANN,1d,0.01628,0.00991,0.00199,0.34667,0.27619,0.01619,0.0097,0.01636,0.35367
ANN,3d,0.02634,0.01934,-8e-4,0.46857,0.32,0.02562,0.01808,0.03802,0.5367
ANN,5d,0.03275,0.02491,-0.02529,0.4819,0.30286,0.03203,0.02308,0.05758,0.56149
